type,name,timestamp,value
stock,DAX,2024-04-06T12:00:00,5704.28
currency,GBP/EUR,2024-04-06T12:00:05,1.057
currency,JPY/USD,2024-04-06T12:00:15,1.1275
currency,JPY/CAD,2024-04-06T12:00:16,1.2661
currency,GBP/CAD,2024-04-06T12:00:17,1.0679
stock,DAX,2024-04-06T12:00:21,5698.78
currency,EUR/JPY,2024-04-06T12:00:29,0.5728
stock,FTSE100,2024-04-06T12:00:36,3916.09
currency,CAD/USD,2024-04-06T12:00:42,0.5814
stock,S&P500,2024-04-06T12:00:50,9880.18
stock,FTSE100,2024-04-06T12:00:52,3933.79
currency,USD/GBP,2024-04-06T12:01:01,0.9808
stock,FTSE100,2024-04-06T12:01:02,3925.11
currency,USD/JPY,2024-04-06T12:01:09,1.4667
currency,CHF/JPY,2024-04-06T12:01:18,0.6058
currency,USD/CAD,2024-04-06T12:01:20,1.3012
stock,NASDAQ,2024-04-06T12:01:29,3863.36
stock,NASDAQ,2024-04-06T12:01:31,3881.08
stock,S&P500,2024-04-06T12:01:40,9852.48
stock,DAX,2024-04-06T12:01:48,5698.42
stock,NASDAQ,2024-04-06T12:01:58,3886.84
currency,EUR/GBP,2024-04-06T12:02:07,0.5633
currency,GBP/JPY,2024-04-06T12:02:10,0.8691
currency,USD/GBP,2024-04-06T12:02:17,0.9732
stock,DAX,2024-04-06T12:02:21,5687.53
currency,USD/JPY,2024-04-06T12:02:29,1.4719
currency,USD/GBP,2024-04-06T12:02:38,0.9706
currency,EUR/JPY,2024-04-06T12:02:44,0.5725
currency,GBP/USD,2024-04-06T12:02:45,0.6445
stock,NASDAQ,2024-04-06T12:02:50,3868.79
stock,FTSE100,2024-04-06T12:02:59,3909.06
currency,CHF/GBP,2024-04-06T12:03:03,0.7623
stock,NASDAQ,2024-04-06T12:03:10,3877.89
currency,CHF/CAD,2024-04-06T12:03:11,1.3432
currency,GBP/USD,2024-04-06T12:03:13,0.6453
stock,S&P500,2024-04-06T12:03:23,9846.22
stock,NASDAQ,2024-04-06T12:03:24,3863.78
stock,DAX,2024-04-06T12:03:34,5692.37
stock,NASDAQ,2024-04-06T12:03:43,3881.99
stock,FTSE100,2024-04-06T12:03:46,3900.41
stock,FTSE100,2024-04-06T12:03:55,3895.6
currency,GBP/EUR,2024-04-06T12:04:03,1.0636
currency,USD/GBP,2024-04-06T12:04:09,0.9761
stock,DAX,2024-04-06T12:04:17,5670.63
currency,JPY/CAD,2024-04-06T12:04:23,1.2698
stock,DAX,2024-04-06T12:04:29,5651.03
currency,GBP/JPY,2024-04-06T12:04:37,0.8703
currency,USD/JPY,2024-04-06T12:04:47,1.4776
currency,CAD/JPY,2024-04-06T12:04:53,0.758
stock,DAX,2024-04-06T12:04:59,5674.47
currency,CAD/JPY,2024-04-06T12:05:07,0.7603
stock,DOWJONES,2024-04-06T12:05:09,5625.9
stock,DOWJONES,2024-04-06T12:05:19,5608.67
stock,FTSE100,2024-04-06T12:05:29,3880.73
currency,CHF/GBP,2024-04-06T12:05:30,0.7678
currency,USD/CHF,2024-04-06T12:05:32,0.743
currency,CHF/CAD,2024-04-06T12:05:37,1.3511
currency,CAD/GBP,2024-04-06T12:05:45,1.4366
currency,EUR/JPY,2024-04-06T12:05:55,0.5719
currency,USD/GBP,2024-04-06T12:05:58,0.9822
currency,EUR/CHF,2024-04-06T12:05:59,0.5956
stock,S&P500,2024-04-06T12:06:07,9881.19
currency,GBP/CAD,2024-04-06T12:06:16,1.068
currency,GBP/JPY,2024-04-06T12:06:20,0.8628
currency,GBP/USD,2024-04-06T12:06:23,0.6404
stock,NASDAQ,2024-04-06T12:06:30,3887.96
currency,JPY/GBP,2024-04-06T12:06:35,0.6766
currency,EUR/CHF,2024-04-06T12:06:42,0.5985
stock,FTSE100,2024-04-06T12:06:47,3880.61
stock,NASDAQ,2024-04-06T12:06:52,3870.22
currency,GBP/CAD,2024-04-06T12:06:57,1.0663
currency,CAD/CHF,2024-04-06T12:07:04,1.0294
currency,CAD/CHF,2024-04-06T12:07:06,1.0387
stock,FTSE100,2024-04-06T12:07:09,3871.11
stock,S&P500,2024-04-06T12:07:13,9849.47
currency,EUR/JPY,2024-04-06T12:07:23,0.5671
currency,JPY/CHF,2024-04-06T12:07:31,1.2026
currency,GBP/JPY,2024-04-06T12:07:38,0.8543
currency,CAD/USD,2024-04-06T12:07:47,0.5802
currency,USD/EUR,2024-04-06T12:07:57,0.7925
currency,USD/CHF,2024-04-06T12:08:00,0.7375
stock,S&P500,2024-04-06T12:08:09,9808.35
stock,DOWJONES,2024-04-06T12:08:12,5583.7
currency,CAD/JPY,2024-04-06T12:08:21,0.7558
currency,GBP/JPY,2024-04-06T12:08:26,0.8625
stock,S&P500,2024-04-06T12:08:34,9813.45
currency,JPY/GBP,2024-04-06T12:08:38,0.6749
currency,CAD/EUR,2024-04-06T12:08:40,0.8415
stock,S&P500,2024-04-06T12:08:47,9793.28
stock,DAX,2024-04-06T12:08:56,5671.15
currency,CAD/GBP,2024-04-06T12:09:06,1.4383
currency,USD/CHF,2024-04-06T12:09:09,0.7356
stock,S&P500,2024-04-06T12:09:15,9777.76
stock,NASDAQ,2024-04-06T12:09:24,3881.45
currency,JPY/GBP,2024-04-06T12:09:29,0.6692
stock,DAX,2024-04-06T12:09:38,5673.92
currency,CAD/EUR,2024-04-06T12:09:40,0.8416
currency,USD/CHF,2024-04-06T12:09:43,0.7408
stock,NASDAQ,2024-04-06T12:09:45,3887.69
currency,GBP/EUR,2024-04-06T12:09:54,1.0658
currency,CAD/USD,2024-04-06T12:10:00,0.5838
currency,CAD/CHF,2024-04-06T12:10:05,1.0473
stock,FTSE100,2024-04-06T12:10:12,3864.93
stock,S&P500,2024-04-06T12:10:14,9739.53
stock,NASDAQ,2024-04-06T12:10:19,3869.96
currency,JPY/GBP,2024-04-06T12:10:29,0.6673
stock,S&P500,2024-04-06T12:10:32,9764.83
currency,JPY/EUR,2024-04-06T12:10:36,1.0051
stock,NASDAQ,2024-04-06T12:10:39,3870.16
currency,CHF/CAD,2024-04-06T12:10:49,1.3559
currency,JPY/GBP,2024-04-06T12:10:51,0.6629
stock,DAX,2024-04-06T12:10:57,5652.07
currency,JPY/EUR,2024-04-06T12:11:01,1.0005
stock,DOWJONES,2024-04-06T12:11:08,5580.53
currency,USD/JPY,2024-04-06T12:11:18,1.4661
stock,DAX,2024-04-06T12:11:23,5653.68
stock,DAX,2024-04-06T12:11:30,5663.29
stock,S&P500,2024-04-06T12:11:34,9725.16
currency,CAD/EUR,2024-04-06T12:11:36,0.8457
stock,FTSE100,2024-04-06T12:11:37,3846.33
currency,CAD/CHF,2024-04-06T12:11:44,1.0552
currency,EUR/GBP,2024-04-06T12:11:45,0.5624
currency,JPY/CAD,2024-04-06T12:11:51,1.2719
stock,DAX,2024-04-06T12:11:54,5636.97
currency,USD/CHF,2024-04-06T12:11:56,0.74
stock,FTSE100,2024-04-06T12:12:01,3838.16
currency,CAD/CHF,2024-04-06T12:12:11,1.0457
currency,JPY/CHF,2024-04-06T12:12:18,1.2057
stock,DAX,2024-04-06T12:12:25,5638.89
currency,JPY/CHF,2024-04-06T12:12:26,1.2125
currency,GBP/CAD,2024-04-06T12:12:32,1.0642
stock,FTSE100,2024-04-06T12:12:37,3829.13
stock,DOWJONES,2024-04-06T12:12:41,5592.26
stock,S&P500,2024-04-06T12:12:42,9715.38
currency,EUR/USD,2024-04-06T12:12:50,1.439
currency,CHF/JPY,2024-04-06T12:12:55,0.6079
currency,JPY/CHF,2024-04-06T12:12:59,1.202
stock,S&P500,2024-04-06T12:13:08,9679.15
stock,NASDAQ,2024-04-06T12:13:18,3884.29
currency,EUR/CAD,2024-04-06T12:13:21,0.7655
currency,USD/CHF,2024-04-06T12:13:25,0.7358
stock,DOWJONES,2024-04-06T12:13:33,5614.86
stock,DOWJONES,2024-04-06T12:13:42,5606.15
currency,CAD/GBP,2024-04-06T12:13:46,1.4333
currency,CHF/EUR,2024-04-06T12:13:52,1.1987
stock,NASDAQ,2024-04-06T12:13:53,3866.78
stock,S&P500,2024-04-06T12:13:54,9691.92
currency,CHF/GBP,2024-04-06T12:13:58,0.7729
stock,NASDAQ,2024-04-06T12:14:02,3875.13
currency,CAD/CHF,2024-04-06T12:14:03,1.0387
currency,JPY/EUR,2024-04-06T12:14:04,1.0076
currency,JPY/CHF,2024-04-06T12:14:12,1.1924
currency,USD/GBP,2024-04-06T12:14:22,0.9884
stock,S&P500,2024-04-06T12:14:30,9676.7
currency,USD/CHF,2024-04-06T12:14:32,0.7383
currency,GBP/CAD,2024-04-06T12:14:41,1.0654
stock,DAX,2024-04-06T12:14:43,5654.05
currency,CAD/USD,2024-04-06T12:14:48,0.5793
stock,DAX,2024-04-06T12:14:55,5639.39
currency,USD/EUR,2024-04-06T12:14:57,0.7882
stock,S&P500,2024-04-06T12:15:04,9698.98
stock,FTSE100,2024-04-06T12:15:14,3840.8
currency,USD/JPY,2024-04-06T12:15:20,1.4618
stock,DOWJONES,2024-04-06T12:15:27,5592.84
stock,DAX,2024-04-06T12:15:34,5646.75
stock,DAX,2024-04-06T12:15:37,5673.62
stock,NASDAQ,2024-04-06T12:15:43,3891.59
stock,S&P500,2024-04-06T12:15:48,9670.33
stock,DAX,2024-04-06T12:15:53,5701.79
currency,USD/CAD,2024-04-06T12:16:00,1.3137
currency,USD/GBP,2024-04-06T12:16:05,0.9863
currency,CHF/EUR,2024-04-06T12:16:13,1.1952
stock,FTSE100,2024-04-06T12:16:23,3831.38
currency,CHF/EUR,2024-04-06T12:16:28,1.2051
stock,S&P500,2024-04-06T12:16:34,9670.65
currency,JPY/USD,2024-04-06T12:16:39,1.1366
stock,DOWJONES,2024-04-06T12:16:42,5573.43
stock,DOWJONES,2024-04-06T12:16:51,5551.55
stock,FTSE100,2024-04-06T12:16:56,3849.83
stock,S&P500,2024-04-06T12:16:57,9644.23
stock,S&P500,2024-04-06T12:16:59,9629.61
stock,S&P500,2024-04-06T12:17:06,9648.8
currency,CHF/GBP,2024-04-06T12:17:16,0.7723
stock,NASDAQ,2024-04-06T12:17:26,3876.71
currency,CAD/JPY,2024-04-06T12:17:29,0.7536
stock,FTSE100,2024-04-06T12:17:39,3866.11
currency,EUR/CHF,2024-04-06T12:17:43,0.6016
stock,NASDAQ,2024-04-06T12:17:48,3860.18
stock,NASDAQ,2024-04-06T12:17:52,3863.0
currency,USD/EUR,2024-04-06T12:18:02,0.7959
currency,JPY/CAD,2024-04-06T12:18:12,1.2726
currency,CAD/JPY,2024-04-06T12:18:17,0.7608
stock,DAX,2024-04-06T12:18:23,5690.97
stock,FTSE100,2024-04-06T12:18:28,3875.58
stock,FTSE100,2024-04-06T12:18:36,3864.37
currency,EUR/CHF,2024-04-06T12:18:42,0.6066
stock,FTSE100,2024-04-06T12:18:52,3862.35
stock,NASDAQ,2024-04-06T12:18:58,3859.32
currency,EUR/CHF,2024-04-06T12:19:07,0.6064
stock,DAX,2024-04-06T12:19:15,5702.35
stock,NASDAQ,2024-04-06T12:19:21,3864.51
stock,DOWJONES,2024-04-06T12:19:27,5554.81
currency,CHF/CAD,2024-04-06T12:19:29,1.3659
currency,JPY/EUR,2024-04-06T12:19:34,1.0051
stock,DOWJONES,2024-04-06T12:19:39,5545.43
currency,CHF/EUR,2024-04-06T12:19:48,1.2135
currency,EUR/CAD,2024-04-06T12:19:58,0.7597
stock,DAX,2024-04-06T12:20:03,5691.05
stock,NASDAQ,2024-04-06T12:20:04,3855.8
currency,GBP/CAD,2024-04-06T12:20:10,1.0608
currency,CAD/CHF,2024-04-06T12:20:11,1.0316
currency,JPY/CHF,2024-04-06T12:20:17,1.1966
currency,USD/GBP,2024-04-06T12:20:27,0.9873
currency,CHF/EUR,2024-04-06T12:20:28,1.211
currency,GBP/CAD,2024-04-06T12:20:29,1.0502
currency,USD/JPY,2024-04-06T12:20:37,1.4532
currency,JPY/CHF,2024-04-06T12:20:38,1.1898
currency,CAD/GBP,2024-04-06T12:20:46,1.4335
stock,FTSE100,2024-04-06T12:20:52,3860.52
currency,CHF/EUR,2024-04-06T12:21:01,1.2069
currency,EUR/CHF,2024-04-06T12:21:03,0.6017
stock,FTSE100,2024-04-06T12:21:06,3841.95
stock,S&P500,2024-04-06T12:21:08,9604.49
currency,GBP/CAD,2024-04-06T12:21:18,1.06
currency,JPY/GBP,2024-04-06T12:21:22,0.6568
stock,S&P500,2024-04-06T12:21:23,9577.09
currency,USD/CHF,2024-04-06T12:21:30,0.7386
stock,FTSE100,2024-04-06T12:21:32,3841.96
currency,USD/CAD,2024-04-06T12:21:42,1.3231
currency,USD/CAD,2024-04-06T12:21:44,1.3238
stock,FTSE100,2024-04-06T12:21:53,3823.8
currency,CAD/JPY,2024-04-06T12:21:55,0.7541
stock,S&P500,2024-04-06T12:22:01,9559.89
stock,NASDAQ,2024-04-06T12:22:09,3867.44
stock,FTSE100,2024-04-06T12:22:18,3835.35
currency,CHF/USD,2024-04-06T12:22:20,0.6542
stock,DAX,2024-04-06T12:22:29,5693.44
stock,S&P500,2024-04-06T12:22:35,9603.01
currency,USD/CAD,2024-04-06T12:22:41,1.3116
stock,NASDAQ,2024-04-06T12:22:46,3875.44
currency,CAD/EUR,2024-04-06T12:22:55,0.8537
stock,NASDAQ,2024-04-06T12:22:56,3888.36
currency,JPY/GBP,2024-04-06T12:23:03,0.6611
currency,USD/JPY,2024-04-06T12:23:11,1.4549
stock,DOWJONES,2024-04-06T12:23:12,5539.51
currency,CHF/CAD,2024-04-06T12:23:20,1.3641
stock,NASDAQ,2024-04-06T12:23:22,3891.13
currency,JPY/CAD,2024-04-06T12:23:24,1.2632
currency,JPY/GBP,2024-04-06T12:23:27,0.6625
stock,NASDAQ,2024-04-06T12:23:36,3887.79
currency,USD/CAD,2024-04-06T12:23:41,1.3194
currency,JPY/EUR,2024-04-06T12:23:47,1.0138
stock,DOWJONES,2024-04-06T12:23:55,5513.99
stock,DOWJONES,2024-04-06T12:23:58,5520.14
stock,S&P500,2024-04-06T12:24:03,9620.23
stock,NASDAQ,2024-04-06T12:24:12,3890.08
stock,DAX,2024-04-06T12:24:16,5711.96
stock,DOWJONES,2024-04-06T12:24:20,5504.67
stock,FTSE100,2024-04-06T12:24:21,3822.31
currency,CAD/CHF,2024-04-06T12:24:26,1.0252
stock,FTSE100,2024-04-06T12:24:31,3835.81
stock,NASDAQ,2024-04-06T12:24:37,3906.25
stock,DAX,2024-04-06T12:24:44,5718.14
stock,S&P500,2024-04-06T12:24:45,9653.93
currency,USD/JPY,2024-04-06T12:24:55,1.4632
currency,CAD/CHF,2024-04-06T12:25:03,1.0276
stock,S&P500,2024-04-06T12:25:13,9658.87
currency,CAD/USD,2024-04-06T12:25:22,0.5777
stock,DAX,2024-04-06T12:25:29,5724.81
currency,CAD/CHF,2024-04-06T12:25:36,1.0372
currency,CHF/EUR,2024-04-06T12:25:44,1.2085
stock,NASDAQ,2024-04-06T12:25:49,3891.26
stock,DOWJONES,2024-04-06T12:25:55,5518.35
currency,JPY/USD,2024-04-06T12:26:03,1.1468
stock,DAX,2024-04-06T12:26:13,5723.06
currency,USD/JPY,2024-04-06T12:26:14,1.4715
currency,JPY/CAD,2024-04-06T12:26:17,1.2549
stock,S&P500,2024-04-06T12:26:27,9675.74
stock,DAX,2024-04-06T12:26:36,5725.49
stock,DAX,2024-04-06T12:26:39,5719.54
currency,EUR/CHF,2024-04-06T12:26:49,0.6004
stock,DAX,2024-04-06T12:26:52,5713.86
stock,FTSE100,2024-04-06T12:27:02,3849.48
stock,S&P500,2024-04-06T12:27:11,9627.97
currency,USD/CAD,2024-04-06T12:27:19,1.3284
stock,NASDAQ,2024-04-06T12:27:24,3879.93
stock,FTSE100,2024-04-06T12:27:31,3864.5
stock,NASDAQ,2024-04-06T12:27:37,3864.62
stock,FTSE100,2024-04-06T12:27:46,3845.58
stock,FTSE100,2024-04-06T12:27:54,3832.66
stock,DAX,2024-04-06T12:28:02,5721.58
currency,USD/CHF,2024-04-06T12:28:07,0.7345
currency,EUR/USD,2024-04-06T12:28:11,1.4393
stock,DAX,2024-04-06T12:28:12,5693.24
stock,DAX,2024-04-06T12:28:15,5712.29
currency,EUR/CAD,2024-04-06T12:28:19,0.7659
stock,S&P500,2024-04-06T12:28:28,9637.55
currency,CAD/JPY,2024-04-06T12:28:36,0.7583
stock,S&P500,2024-04-06T12:28:37,9653.84
currency,USD/CHF,2024-04-06T12:28:43,0.7301
stock,FTSE100,2024-04-06T12:28:53,3813.6
currency,GBP/USD,2024-04-06T12:28:58,0.6356
currency,CAD/CHF,2024-04-06T12:29:04,1.0418
stock,NASDAQ,2024-04-06T12:29:06,3860.43
stock,DOWJONES,2024-04-06T12:29:11,5525.82
stock,DOWJONES,2024-04-06T12:29:14,5525.4
currency,CAD/CHF,2024-04-06T12:29:16,1.0421
stock,FTSE100,2024-04-06T12:29:22,3817.85
currency,USD/CHF,2024-04-06T12:29:25,0.7334
currency,CAD/CHF,2024-04-06T12:29:28,1.0359
currency,JPY/USD,2024-04-06T12:29:29,1.1565
stock,DAX,2024-04-06T12:29:34,5722.31
stock,FTSE100,2024-04-06T12:29:43,3802.49
stock,NASDAQ,2024-04-06T12:29:49,3851.16
currency,GBP/JPY,2024-04-06T12:29:56,0.8604
stock,DAX,2024-04-06T12:29:58,5744.14
stock,DOWJONES,2024-04-06T12:30:04,5502.32
stock,NASDAQ,2024-04-06T12:30:09,3832.79
stock,NASDAQ,2024-04-06T12:30:10,3847.67
currency,CHF/USD,2024-04-06T12:30:13,0.6592
stock,DOWJONES,2024-04-06T12:30:22,5484.67
currency,CAD/EUR,2024-04-06T12:30:32,0.8587
stock,DOWJONES,2024-04-06T12:30:41,5487.15
stock,DAX,2024-04-06T12:30:46,5755.36
currency,CAD/CHF,2024-04-06T12:30:55,1.0358
currency,JPY/GBP,2024-04-06T12:30:56,0.6591
currency,JPY/EUR,2024-04-06T12:30:58,1.0129
currency,CHF/CAD,2024-04-06T12:31:07,1.3718
stock,NASDAQ,2024-04-06T12:31:17,3840.88
stock,S&P500,2024-04-06T12:31:21,9615.14
currency,EUR/CHF,2024-04-06T12:31:31,0.5967
stock,NASDAQ,2024-04-06T12:31:38,3855.34
currency,GBP/USD,2024-04-06T12:31:41,0.6305
currency,USD/CHF,2024-04-06T12:31:51,0.7277
stock,S&P500,2024-04-06T12:31:55,9572.16
stock,DAX,2024-04-06T12:32:01,5765.15
currency,EUR/USD,2024-04-06T12:32:11,1.4253
stock,DAX,2024-04-06T12:32:21,5749.23
stock,FTSE100,2024-04-06T12:32:24,3789.85
currency,CHF/USD,2024-04-06T12:32:32,0.6576
stock,DOWJONES,2024-04-06T12:32:39,5493.12
stock,DOWJONES,2024-04-06T12:32:43,5501.35
currency,CAD/EUR,2024-04-06T12:32:53,0.8551
stock,DAX,2024-04-06T12:33:03,5724.55
stock,FTSE100,2024-04-06T12:33:10,3798.57
currency,EUR/JPY,2024-04-06T12:33:17,0.5626
stock,DOWJONES,2024-04-06T12:33:24,5527.85
currency,USD/GBP,2024-04-06T12:33:28,0.9947
currency,USD/CHF,2024-04-06T12:33:33,0.7304
stock,NASDAQ,2024-04-06T12:33:38,3848.96
stock,FTSE100,2024-04-06T12:33:47,3783.21
stock,DAX,2024-04-06T12:33:49,5697.58
currency,CAD/USD,2024-04-06T12:33:56,0.5791
currency,GBP/CHF,2024-04-06T12:33:57,0.5502
currency,CAD/USD,2024-04-06T12:34:00,0.581
stock,S&P500,2024-04-06T12:34:02,9589.76
currency,USD/GBP,2024-04-06T12:34:07,0.9908
currency,CAD/GBP,2024-04-06T12:34:16,1.4249
currency,USD/EUR,2024-04-06T12:34:17,0.7959
currency,JPY/GBP,2024-04-06T12:34:27,0.6612
currency,GBP/EUR,2024-04-06T12:34:29,1.0639
currency,JPY/EUR,2024-04-06T12:34:35,1.0221
currency,EUR/CHF,2024-04-06T12:34:44,0.5972
stock,DOWJONES,2024-04-06T12:34:48,5512.04
currency,GBP/CAD,2024-04-06T12:34:58,1.0513
currency,CHF/GBP,2024-04-06T12:35:05,0.7696
stock,FTSE100,2024-04-06T12:35:08,3795.14
currency,GBP/CHF,2024-04-06T12:35:09,0.5454
stock,FTSE100,2024-04-06T12:35:16,3788.64
currency,CAD/GBP,2024-04-06T12:35:17,1.4322
currency,JPY/CAD,2024-04-06T12:35:22,1.2598
stock,DAX,2024-04-06T12:35:32,5680.37
stock,S&P500,2024-04-06T12:35:41,9546.68
currency,USD/CAD,2024-04-06T12:35:50,1.3212
currency,CHF/CAD,2024-04-06T12:35:53,1.3839
stock,NASDAQ,2024-04-06T12:35:59,3833.69
currency,CAD/USD,2024-04-06T12:36:02,0.5769
currency,EUR/CAD,2024-04-06T12:36:04,0.7725
stock,FTSE100,2024-04-06T12:36:08,3770.68
stock,FTSE100,2024-04-06T12:36:17,3779.72
currency,CAD/USD,2024-04-06T12:36:19,0.5775
currency,EUR/USD,2024-04-06T12:36:21,1.4154
currency,JPY/GBP,2024-04-06T12:36:22,0.6605
currency,GBP/USD,2024-04-06T12:36:32,0.6325
currency,EUR/CHF,2024-04-06T12:36:35,0.5918
currency,USD/GBP,2024-04-06T12:36:37,0.998
currency,CHF/GBP,2024-04-06T12:36:38,0.7645
currency,GBP/CHF,2024-04-06T12:36:42,0.5494
stock,DAX,2024-04-06T12:36:44,5672.35
currency,CHF/GBP,2024-04-06T12:36:54,0.7694
stock,DOWJONES,2024-04-06T12:36:59,5519.52
currency,USD/CHF,2024-04-06T12:37:08,0.7262
currency,EUR/CAD,2024-04-06T12:37:13,0.7719
stock,FTSE100,2024-04-06T12:37:23,3786.57
currency,CAD/CHF,2024-04-06T12:37:30,1.034
stock,FTSE100,2024-04-06T12:37:39,3793.49
stock,FTSE100,2024-04-06T12:37:48,3779.46
stock,DAX,2024-04-06T12:37:52,5700.58
currency,JPY/CAD,2024-04-06T12:37:59,1.2716
stock,NASDAQ,2024-04-06T12:38:02,3841.28
stock,FTSE100,2024-04-06T12:38:04,3794.65
stock,S&P500,2024-04-06T12:38:12,9563.98
stock,DAX,2024-04-06T12:38:14,5719.96
currency,GBP/EUR,2024-04-06T12:38:15,1.0619
stock,NASDAQ,2024-04-06T12:38:23,3853.33
currency,USD/CAD,2024-04-06T12:38:27,1.3319
currency,CAD/USD,2024-04-06T12:38:30,0.581
currency,CAD/EUR,2024-04-06T12:38:31,0.8611
stock,DAX,2024-04-06T12:38:32,5701.34
currency,EUR/JPY,2024-04-06T12:38:34,0.5634
stock,FTSE100,2024-04-06T12:38:40,3790.01
stock,S&P500,2024-04-06T12:38:49,9605.88
stock,DAX,2024-04-06T12:38:53,5702.78
currency,CHF/JPY,2024-04-06T12:38:55,0.6023
currency,JPY/CHF,2024-04-06T12:39:00,1.1838
currency,EUR/JPY,2024-04-06T12:39:10,0.5605
stock,DOWJONES,2024-04-06T12:39:17,5507.21
stock,FTSE100,2024-04-06T12:39:21,3808.77
stock,FTSE100,2024-04-06T12:39:31,3790.66
currency,EUR/USD,2024-04-06T12:39:38,1.4212
currency,JPY/CAD,2024-04-06T12:39:44,1.2715
stock,DOWJONES,2024-04-06T12:39:49,5482.48
stock,DAX,2024-04-06T12:39:51,5717.29
stock,FTSE100,2024-04-06T12:39:57,3774.4
currency,USD/JPY,2024-04-06T12:40:02,1.467
currency,JPY/CAD,2024-04-06T12:40:03,1.2596
currency,CHF/USD,2024-04-06T12:40:08,0.6568
stock,S&P500,2024-04-06T12:40:09,9576.87
currency,JPY/CHF,2024-04-06T12:40:18,1.1933
stock,DOWJONES,2024-04-06T12:40:27,5478.32
stock,NASDAQ,2024-04-06T12:40:29,3869.03
stock,S&P500,2024-04-06T12:40:31,9567.02
stock,DAX,2024-04-06T12:40:33,5732.26
stock,FTSE100,2024-04-06T12:40:39,3774.09
currency,CAD/USD,2024-04-06T12:40:48,0.5801
stock,DOWJONES,2024-04-06T12:40:50,5456.73
stock,DAX,2024-04-06T12:40:57,5706.06
stock,DAX,2024-04-06T12:41:00,5712.0
currency,GBP/EUR,2024-04-06T12:41:10,1.0657
stock,DOWJONES,2024-04-06T12:41:17,5459.33
currency,JPY/USD,2024-04-06T12:41:27,1.1485
currency,USD/EUR,2024-04-06T12:41:37,0.7928
currency,CHF/USD,2024-04-06T12:41:42,0.6564
currency,EUR/CHF,2024-04-06T12:41:43,0.5868
stock,DOWJONES,2024-04-06T12:41:47,5446.3
stock,FTSE100,2024-04-06T12:41:57,3776.09
currency,CHF/JPY,2024-04-06T12:42:04,0.602
stock,S&P500,2024-04-06T12:42:13,9554.15
stock,S&P500,2024-04-06T12:42:15,9558.49
currency,EUR/JPY,2024-04-06T12:42:23,0.5553
stock,DOWJONES,2024-04-06T12:42:28,5434.63
currency,USD/EUR,2024-04-06T12:42:38,0.7934
currency,USD/CHF,2024-04-06T12:42:46,0.7305
stock,DAX,2024-04-06T12:42:52,5702.73
currency,CHF/EUR,2024-04-06T12:43:00,1.1988
currency,EUR/USD,2024-04-06T12:43:09,1.4242
currency,GBP/CAD,2024-04-06T12:43:17,1.0461
currency,EUR/USD,2024-04-06T12:43:27,1.4131
currency,CHF/JPY,2024-04-06T12:43:28,0.6052
stock,DAX,2024-04-06T12:43:29,5722.75
currency,USD/GBP,2024-04-06T12:43:37,0.9913
stock,DOWJONES,2024-04-06T12:43:38,5452.9
stock,S&P500,2024-04-06T12:43:47,9535.03
currency,CAD/JPY,2024-04-06T12:43:54,0.76
stock,FTSE100,2024-04-06T12:43:55,3778.77
stock,NASDAQ,2024-04-06T12:43:59,3888.23
currency,USD/JPY,2024-04-06T12:44:03,1.4574
stock,FTSE100,2024-04-06T12:44:10,3772.34
stock,DAX,2024-04-06T12:44:17,5711.76
stock,S&P500,2024-04-06T12:44:23,9551.25
stock,DOWJONES,2024-04-06T12:44:30,5457.82
currency,JPY/USD,2024-04-06T12:44:34,1.1564
stock,DOWJONES,2024-04-06T12:44:36,5449.43
stock,DAX,2024-04-06T12:44:42,5692.94
stock,FTSE100,2024-04-06T12:44:52,3777.18
currency,GBP/EUR,2024-04-06T12:45:01,1.0576
currency,EUR/CAD,2024-04-06T12:45:07,0.7783
stock,DOWJONES,2024-04-06T12:45:14,5455.03
currency,USD/EUR,2024-04-06T12:45:19,0.7943
currency,CHF/EUR,2024-04-06T12:45:23,1.187
stock,DOWJONES,2024-04-06T12:45:24,5455.26
currency,USD/JPY,2024-04-06T12:45:25,1.4576
stock,FTSE100,2024-04-06T12:45:31,3759.09
stock,DOWJONES,2024-04-06T12:45:37,5471.87
stock,S&P500,2024-04-06T12:45:42,9514.73
currency,CAD/USD,2024-04-06T12:45:52,0.5813
currency,JPY/GBP,2024-04-06T12:45:59,0.664
stock,NASDAQ,2024-04-06T12:46:01,3878.61
currency,CHF/JPY,2024-04-06T12:46:03,0.6005
stock,DOWJONES,2024-04-06T12:46:06,5475.61
stock,S&P500,2024-04-06T12:46:07,9561.44
currency,USD/CAD,2024-04-06T12:46:16,1.3267
stock,S&P500,2024-04-06T12:46:22,9576.25
currency,CAD/USD,2024-04-06T12:46:31,0.5816
currency,EUR/CHF,2024-04-06T12:46:39,0.5834
currency,USD/CHF,2024-04-06T12:46:46,0.7334
stock,FTSE100,2024-04-06T12:46:47,3747.5
currency,USD/EUR,2024-04-06T12:46:57,0.7866
stock,NASDAQ,2024-04-06T12:47:06,3890.76
stock,DAX,2024-04-06T12:47:15,5686.02
currency,CHF/JPY,2024-04-06T12:47:25,0.5956
stock,DOWJONES,2024-04-06T12:47:32,5457.51
stock,S&P500,2024-04-06T12:47:37,9607.94
currency,JPY/CAD,2024-04-06T12:47:39,1.2613
currency,USD/GBP,2024-04-06T12:47:41,1.0001
currency,JPY/GBP,2024-04-06T12:47:46,0.6678
currency,USD/CHF,2024-04-06T12:47:55,0.727
stock,DOWJONES,2024-04-06T12:47:59,5448.95
currency,JPY/USD,2024-04-06T12:48:04,1.1559
stock,S&P500,2024-04-06T12:48:12,9613.6
stock,NASDAQ,2024-04-06T12:48:20,3877.2
currency,GBP/JPY,2024-04-06T12:48:25,0.8638
stock,DAX,2024-04-06T12:48:35,5692.71
stock,DAX,2024-04-06T12:48:41,5706.69
stock,FTSE100,2024-04-06T12:48:45,3754.86
stock,DOWJONES,2024-04-06T12:48:49,5421.76
currency,GBP/JPY,2024-04-06T12:48:52,0.8621
currency,CHF/JPY,2024-04-06T12:48:59,0.599
currency,USD/CHF,2024-04-06T12:49:00,0.7222
stock,NASDAQ,2024-04-06T12:49:08,3881.8
currency,CHF/JPY,2024-04-06T12:49:09,0.5986
stock,DOWJONES,2024-04-06T12:49:10,5407.03
stock,NASDAQ,2024-04-06T12:49:15,3879.63
stock,DAX,2024-04-06T12:49:17,5723.67
currency,CHF/EUR,2024-04-06T12:49:18,1.1948
currency,JPY/CAD,2024-04-06T12:49:19,1.2645
currency,EUR/CHF,2024-04-06T12:49:22,0.5825
currency,USD/EUR,2024-04-06T12:49:27,0.7874
currency,JPY/USD,2024-04-06T12:49:36,1.1453
currency,EUR/CHF,2024-04-06T12:49:42,0.5808
stock,FTSE100,2024-04-06T12:49:51,3740.73
currency,GBP/USD,2024-04-06T12:49:59,0.6294
stock,S&P500,2024-04-06T12:50:04,9584.74
currency,CHF/GBP,2024-04-06T12:50:05,0.7719
stock,S&P500,2024-04-06T12:50:14,9615.96
currency,CHF/GBP,2024-04-06T12:50:23,0.7764
stock,NASDAQ,2024-04-06T12:50:24,3884.07
stock,S&P500,2024-04-06T12:50:30,9579.76
currency,EUR/GBP,2024-04-06T12:50:38,0.5615
stock,DOWJONES,2024-04-06T12:50:48,5391.62
stock,S&P500,2024-04-06T12:50:49,9549.35
stock,FTSE100,2024-04-06T12:50:50,3740.02
currency,CAD/GBP,2024-04-06T12:50:51,1.4342
stock,DAX,2024-04-06T12:51:00,5721.41
currency,JPY/CHF,2024-04-06T12:51:06,1.1823
currency,CHF/JPY,2024-04-06T12:51:16,0.5944
currency,USD/GBP,2024-04-06T12:51:18,1.0065
currency,JPY/CHF,2024-04-06T12:51:19,1.1728
currency,EUR/CHF,2024-04-06T12:51:29,0.5797
currency,CHF/CAD,2024-04-06T12:51:32,1.3874
currency,CAD/CHF,2024-04-06T12:51:33,1.044
stock,NASDAQ,2024-04-06T12:51:37,3898.45
currency,CHF/USD,2024-04-06T12:51:44,0.655
stock,NASDAQ,2024-04-06T12:51:49,3906.96
currency,EUR/GBP,2024-04-06T12:51:57,0.5638
stock,S&P500,2024-04-06T12:52:05,9589.8
currency,CHF/CAD,2024-04-06T12:52:15,1.3894
stock,DAX,2024-04-06T12:52:20,5716.81
stock,FTSE100,2024-04-06T12:52:25,3736.72
stock,NASDAQ,2024-04-06T12:52:27,3906.7
currency,EUR/CAD,2024-04-06T12:52:32,0.7845
stock,NASDAQ,2024-04-06T12:52:33,3904.71
currency,CAD/CHF,2024-04-06T12:52:42,1.0453
stock,DAX,2024-04-06T12:52:49,5721.16
currency,JPY/USD,2024-04-06T12:52:58,1.1456
currency,CAD/EUR,2024-04-06T12:53:08,0.8584
stock,DAX,2024-04-06T12:53:18,5737.38
stock,NASDAQ,2024-04-06T12:53:27,3915.47
stock,NASDAQ,2024-04-06T12:53:28,3896.32
currency,CHF/USD,2024-04-06T12:53:30,0.6519
stock,S&P500,2024-04-06T12:53:34,9562.07
stock,NASDAQ,2024-04-06T12:53:42,3914.09
currency,USD/EUR,2024-04-06T12:53:43,0.7853
currency,CAD/USD,2024-04-06T12:53:53,0.581
currency,JPY/CAD,2024-04-06T12:53:56,1.2713
stock,DOWJONES,2024-04-06T12:54:04,5380.37
currency,CAD/JPY,2024-04-06T12:54:07,0.7634
stock,NASDAQ,2024-04-06T12:54:08,3917.61
stock,NASDAQ,2024-04-06T12:54:13,3925.78
currency,EUR/CHF,2024-04-06T12:54:22,0.5755
stock,DAX,2024-04-06T12:54:30,5725.58
stock,S&P500,2024-04-06T12:54:37,9523.91
currency,GBP/CAD,2024-04-06T12:54:40,1.0506
currency,CAD/EUR,2024-04-06T12:54:43,0.855
stock,NASDAQ,2024-04-06T12:54:46,3914.57
currency,CAD/USD,2024-04-06T12:54:51,0.5772
currency,GBP/JPY,2024-04-06T12:54:57,0.8589
stock,FTSE100,2024-04-06T12:55:07,3719.46
currency,CHF/EUR,2024-04-06T12:55:15,1.2021
stock,FTSE100,2024-04-06T12:55:19,3715.51
currency,CAD/EUR,2024-04-06T12:55:25,0.8563
currency,GBP/USD,2024-04-06T12:55:30,0.6349
currency,CHF/EUR,2024-04-06T12:55:38,1.1971
currency,EUR/JPY,2024-04-06T12:55:39,0.5586
stock,NASDAQ,2024-04-06T12:55:44,3925.46
currency,EUR/CHF,2024-04-06T12:55:47,0.5777
currency,EUR/CHF,2024-04-06T12:55:57,0.577
stock,S&P500,2024-04-06T12:56:02,9508.06
currency,CAD/GBP,2024-04-06T12:56:09,1.4393
currency,CHF/EUR,2024-04-06T12:56:14,1.19
currency,CHF/CAD,2024-04-06T12:56:24,1.3949
currency,USD/CHF,2024-04-06T12:56:30,0.7259
stock,NASDAQ,2024-04-06T12:56:31,3924.38
currency,EUR/CHF,2024-04-06T12:56:34,0.5765
stock,DAX,2024-04-06T12:56:38,5733.91
currency,EUR/CHF,2024-04-06T12:56:45,0.5759
stock,DOWJONES,2024-04-06T12:56:53,5391.1
stock,DOWJONES,2024-04-06T12:56:54,5380.56
stock,FTSE100,2024-04-06T12:56:57,3708.42
stock,NASDAQ,2024-04-06T12:57:02,3921.39
currency,CAD/EUR,2024-04-06T12:57:07,0.851
stock,S&P500,2024-04-06T12:57:10,9481.58
stock,S&P500,2024-04-06T12:57:19,9458.54
currency,JPY/CHF,2024-04-06T12:57:20,1.1751
currency,EUR/CHF,2024-04-06T12:57:25,0.5716
stock,S&P500,2024-04-06T12:57:30,9481.11
currency,EUR/USD,2024-04-06T12:57:40,1.4224
currency,CAD/CHF,2024-04-06T12:57:47,1.0534
stock,NASDAQ,2024-04-06T12:57:49,3921.25
currency,GBP/CHF,2024-04-06T12:57:58,0.5456
currency,GBP/EUR,2024-04-06T12:58:00,1.0616
currency,EUR/USD,2024-04-06T12:58:04,1.4236
stock,NASDAQ,2024-04-06T12:58:05,3922.67
stock,FTSE100,2024-04-06T12:58:07,3726.47
currency,CHF/GBP,2024-04-06T12:58:13,0.7757
currency,USD/CHF,2024-04-06T12:58:20,0.7319
currency,CHF/GBP,2024-04-06T12:58:30,0.7698
stock,DAX,2024-04-06T12:58:35,5709.7
stock,DOWJONES,2024-04-06T12:58:45,5362.6
stock,FTSE100,2024-04-06T12:58:50,3710.61
currency,EUR/USD,2024-04-06T12:58:56,1.4251
currency,EUR/CHF,2024-04-06T12:58:59,0.5674
stock,DOWJONES,2024-04-06T12:59:03,5367.12
currency,JPY/GBP,2024-04-06T12:59:05,0.6692
stock,DOWJONES,2024-04-06T12:59:14,5360.81
stock,DOWJONES,2024-04-06T12:59:20,5381.24
currency,CAD/JPY,2024-04-06T12:59:22,0.7632
currency,GBP/EUR,2024-04-06T12:59:27,1.0674
stock,S&P500,2024-04-06T12:59:29,9443.87
currency,JPY/GBP,2024-04-06T12:59:38,0.6712
currency,JPY/USD,2024-04-06T12:59:44,1.1567
currency,JPY/GBP,2024-04-06T12:59:48,0.6662
stock,S&P500,2024-04-06T12:59:55,9416.33
stock,NASDAQ,2024-04-06T13:00:03,3909.86
currency,GBP/CHF,2024-04-06T13:00:11,0.5485
stock,NASDAQ,2024-04-06T13:00:12,3897.46
stock,S&P500,2024-04-06T13:00:17,9408.2
currency,GBP/USD,2024-04-06T13:00:26,0.6354
stock,S&P500,2024-04-06T13:00:31,9390.56
stock,FTSE100,2024-04-06T13:00:33,3704.38
currency,GBP/CAD,2024-04-06T13:00:35,1.0573
stock,NASDAQ,2024-04-06T13:00:39,3889.5
stock,NASDAQ,2024-04-06T13:00:42,3906.52
stock,DOWJONES,2024-04-06T13:00:49,5357.05
stock,NASDAQ,2024-04-06T13:00:53,3896.98
currency,CHF/JPY,2024-04-06T13:00:54,0.5935
stock,S&P500,2024-04-06T13:00:59,9408.0
stock,DAX,2024-04-06T13:01:05,5694.49
currency,GBP/CAD,2024-04-06T13:01:12,1.0491
stock,S&P500,2024-04-06T13:01:18,9431.87
currency,CAD/JPY,2024-04-06T13:01:21,0.7569
stock,DAX,2024-04-06T13:01:26,5679.74
stock,FTSE100,2024-04-06T13:01:27,3685.97
currency,EUR/CAD,2024-04-06T13:01:30,0.7815
currency,CAD/CHF,2024-04-06T13:01:31,1.0557
currency,EUR/CAD,2024-04-06T13:01:41,0.7789
currency,CHF/USD,2024-04-06T13:01:48,0.6476
stock,FTSE100,2024-04-06T13:01:56,3688.89
stock,FTSE100,2024-04-06T13:02:02,3675.72
currency,USD/GBP,2024-04-06T13:02:06,1.0008
currency,CHF/USD,2024-04-06T13:02:11,0.6427
stock,FTSE100,2024-04-06T13:02:20,3669.61
currency,USD/CHF,2024-04-06T13:02:26,0.7282
currency,EUR/USD,2024-04-06T13:02:27,1.4175
currency,CAD/USD,2024-04-06T13:02:30,0.5756
currency,GBP/CAD,2024-04-06T13:02:31,1.0508
currency,CHF/EUR,2024-04-06T13:02:34,1.1995
currency,GBP/CAD,2024-04-06T13:02:36,1.0486
currency,JPY/GBP,2024-04-06T13:02:42,0.6641
stock,S&P500,2024-04-06T13:02:46,9473.73
currency,JPY/USD,2024-04-06T13:02:55,1.1456
currency,JPY/CHF,2024-04-06T13:03:03,1.1737
stock,DAX,2024-04-06T13:03:08,5661.27
stock,DAX,2024-04-06T13:03:14,5657.85
stock,NASDAQ,2024-04-06T13:03:20,3894.5
currency,USD/GBP,2024-04-06T13:03:21,0.9931
currency,CHF/USD,2024-04-06T13:03:31,0.6463
stock,DAX,2024-04-06T13:03:32,5642.46
stock,DAX,2024-04-06T13:03:34,5667.07
currency,CHF/EUR,2024-04-06T13:03:36,1.1937
stock,S&P500,2024-04-06T13:03:44,9495.7
currency,CHF/EUR,2024-04-06T13:03:48,1.2045
currency,CHF/GBP,2024-04-06T13:03:51,0.7666
stock,S&P500,2024-04-06T13:03:52,9494.15
currency,JPY/CAD,2024-04-06T13:03:58,1.2605
currency,CAD/EUR,2024-04-06T13:04:08,0.8524
stock,DAX,2024-04-06T13:04:10,5645.95
currency,GBP/CHF,2024-04-06T13:04:12,0.5483
stock,FTSE100,2024-04-06T13:04:13,3687.65
stock,FTSE100,2024-04-06T13:04:19,3686.19
stock,S&P500,2024-04-06T13:04:26,9532.54
stock,NASDAQ,2024-04-06T13:04:27,3913.26
stock,S&P500,2024-04-06T13:04:35,9544.15
stock,DOWJONES,2024-04-06T13:04:44,5349.63
stock,DOWJONES,2024-04-06T13:04:53,5332.06
currency,CAD/GBP,2024-04-06T13:04:59,1.4274
stock,S&P500,2024-04-06T13:05:05,9584.04
stock,S&P500,2024-04-06T13:05:15,9619.22
currency,CAD/EUR,2024-04-06T13:05:22,0.8546
stock,NASDAQ,2024-04-06T13:05:28,3896.59
stock,NASDAQ,2024-04-06T13:05:34,3890.72
stock,NASDAQ,2024-04-06T13:05:40,3875.65
stock,S&P500,2024-04-06T13:05:46,9647.05
currency,CAD/USD,2024-04-06T13:05:50,0.577
stock,NASDAQ,2024-04-06T13:05:52,3887.86
stock,S&P500,2024-04-06T13:05:59,9679.12
stock,S&P500,2024-04-06T13:06:04,9638.96
currency,CAD/CHF,2024-04-06T13:06:10,1.0508
stock,DOWJONES,2024-04-06T13:06:19,5321.79
stock,S&P500,2024-04-06T13:06:23,9622.3
currency,CAD/EUR,2024-04-06T13:06:27,0.8576
stock,DAX,2024-04-06T13:06:34,5650.26
stock,DOWJONES,2024-04-06T13:06:37,5295.62
currency,USD/JPY,2024-04-06T13:06:47,1.449
stock,FTSE100,2024-04-06T13:06:57,3676.62
stock,FTSE100,2024-04-06T13:07:05,3670.43
stock,NASDAQ,2024-04-06T13:07:12,3888.18
currency,JPY/GBP,2024-04-06T13:07:13,0.6645
stock,DAX,2024-04-06T13:07:22,5666.97
currency,EUR/CAD,2024-04-06T13:07:25,0.7739
currency,CHF/USD,2024-04-06T13:07:33,0.6439
currency,USD/CAD,2024-04-06T13:07:39,1.3151
stock,S&P500,2024-04-06T13:07:46,9609.67
stock,DOWJONES,2024-04-06T13:07:47,5321.71
currency,CAD/JPY,2024-04-06T13:07:48,0.7539
currency,CAD/USD,2024-04-06T13:07:49,0.5782
stock,DAX,2024-04-06T13:07:56,5648.05
stock,DOWJONES,2024-04-06T13:08:01,5311.69
currency,CHF/USD,2024-04-06T13:08:05,0.645
currency,GBP/CHF,2024-04-06T13:08:09,0.5468
currency,CHF/EUR,2024-04-06T13:08:12,1.2038
stock,NASDAQ,2024-04-06T13:08:14,3885.8
currency,CAD/GBP,2024-04-06T13:08:15,1.4188
stock,DAX,2024-04-06T13:08:25,5638.48
stock,DOWJONES,2024-04-06T13:08:32,5333.51
currency,USD/CAD,2024-04-06T13:08:34,1.3081
stock,DOWJONES,2024-04-06T13:08:37,5335.47
currency,CHF/EUR,2024-04-06T13:08:41,1.1946
currency,JPY/CHF,2024-04-06T13:08:45,1.165
currency,JPY/CHF,2024-04-06T13:08:53,1.156
stock,S&P500,2024-04-06T13:09:01,9625.94
currency,EUR/JPY,2024-04-06T13:09:10,0.5603
stock,FTSE100,2024-04-06T13:09:15,3656.98
currency,USD/CAD,2024-04-06T13:09:18,1.2983
stock,FTSE100,2024-04-06T13:09:19,3654.7
currency,EUR/USD,2024-04-06T13:09:20,1.431
currency,USD/CAD,2024-04-06T13:09:24,1.2885
stock,NASDAQ,2024-04-06T13:09:30,3882.16
currency,GBP/EUR,2024-04-06T13:09:39,1.0676
currency,JPY/CHF,2024-04-06T13:09:45,1.1523
stock,NASDAQ,2024-04-06T13:09:49,3868.78
stock,FTSE100,2024-04-06T13:09:56,3649.6
currency,JPY/EUR,2024-04-06T13:10:01,1.032
stock,FTSE100,2024-04-06T13:10:11,3638.52
stock,S&P500,2024-04-06T13:10:16,9660.93
stock,FTSE100,2024-04-06T13:10:20,3642.43
currency,EUR/GBP,2024-04-06T13:10:27,0.5682
stock,S&P500,2024-04-06T13:10:34,9707.45
stock,S&P500,2024-04-06T13:10:43,9667.0
stock,DAX,2024-04-06T13:10:50,5610.29
stock,S&P500,2024-04-06T13:10:59,9640.14
currency,CHF/CAD,2024-04-06T13:11:01,1.3989
stock,NASDAQ,2024-04-06T13:11:03,3870.85
currency,GBP/CHF,2024-04-06T13:11:05,0.55
stock,S&P500,2024-04-06T13:11:08,9688.09
stock,DAX,2024-04-06T13:11:12,5584.41
currency,CHF/EUR,2024-04-06T13:11:18,1.201
stock,S&P500,2024-04-06T13:11:23,9675.65
currency,EUR/CHF,2024-04-06T13:11:29,0.5707
currency,CHF/EUR,2024-04-06T13:11:33,1.2012
currency,CHF/CAD,2024-04-06T13:11:39,1.3996
currency,JPY/GBP,2024-04-06T13:11:44,0.6674
currency,USD/CHF,2024-04-06T13:11:48,0.733
currency,JPY/CAD,2024-04-06T13:11:58,1.2592
stock,S&P500,2024-04-06T13:12:00,9701.29
currency,EUR/GBP,2024-04-06T13:12:10,0.57
currency,CAD/GBP,2024-04-06T13:12:14,1.4272
currency,JPY/EUR,2024-04-06T13:12:20,1.0246
currency,CAD/USD,2024-04-06T13:12:23,0.5732
stock,DAX,2024-04-06T13:12:31,5575.95
stock,NASDAQ,2024-04-06T13:12:34,3854.24
currency,CAD/USD,2024-04-06T13:12:41,0.5696
stock,S&P500,2024-04-06T13:12:48,9734.51
currency,USD/CHF,2024-04-06T13:12:49,0.7302
currency,GBP/EUR,2024-04-06T13:12:58,1.0684
stock,FTSE100,2024-04-06T13:13:07,3657.23
currency,JPY/CHF,2024-04-06T13:13:15,1.149
currency,USD/JPY,2024-04-06T13:13:19,1.4416
stock,DOWJONES,2024-04-06T13:13:22,5309.23
stock,DAX,2024-04-06T13:13:29,5566.45
currency,JPY/CAD,2024-04-06T13:13:37,1.2558
currency,CHF/JPY,2024-04-06T13:13:40,0.5963
stock,DAX,2024-04-06T13:13:44,5575.11
stock,DAX,2024-04-06T13:13:54,5553.12
stock,DOWJONES,2024-04-06T13:14:02,5304.09
stock,DAX,2024-04-06T13:14:11,5533.36
currency,CAD/USD,2024-04-06T13:14:12,0.5683
stock,DOWJONES,2024-04-06T13:14:16,5291.45
currency,GBP/USD,2024-04-06T13:14:24,0.641
stock,S&P500,2024-04-06T13:14:30,9769.2
stock,FTSE100,2024-04-06T13:14:39,3661.97
currency,JPY/CHF,2024-04-06T13:14:40,1.1392
stock,S&P500,2024-04-06T13:14:41,9806.99
currency,USD/GBP,2024-04-06T13:14:44,0.9863
stock,S&P500,2024-04-06T13:14:53,9805.6
stock,S&P500,2024-04-06T13:14:56,9782.97
stock,DOWJONES,2024-04-06T13:15:00,5292.79
currency,JPY/CAD,2024-04-06T13:15:03,1.2452
currency,GBP/USD,2024-04-06T13:15:09,0.6406
currency,CHF/CAD,2024-04-06T13:15:10,1.4125
currency,EUR/CHF,2024-04-06T13:15:19,0.5749
stock,FTSE100,2024-04-06T13:15:28,3660.39
stock,DAX,2024-04-06T13:15:35,5542.46
stock,DAX,2024-04-06T13:15:41,5551.59
currency,CAD/CHF,2024-04-06T13:15:48,1.0579
currency,GBP/JPY,2024-04-06T13:15:54,0.8526
stock,NASDAQ,2024-04-06T13:15:55,3857.14
stock,DAX,2024-04-06T13:15:58,5550.39
stock,S&P500,2024-04-06T13:16:04,9786.31
currency,EUR/CHF,2024-04-06T13:16:11,0.5737
stock,S&P500,2024-04-06T13:16:17,9738.89
stock,S&P500,2024-04-06T13:16:22,9736.05
currency,EUR/USD,2024-04-06T13:16:32,1.4388
stock,DAX,2024-04-06T13:16:41,5534.62
currency,JPY/GBP,2024-04-06T13:16:44,0.6623
stock,DAX,2024-04-06T13:16:54,5516.15
stock,DOWJONES,2024-04-06T13:16:59,5313.81
stock,S&P500,2024-04-06T13:17:01,9724.75
stock,NASDAQ,2024-04-06T13:17:06,3841.85
currency,GBP/JPY,2024-04-06T13:17:14,0.8506
stock,NASDAQ,2024-04-06T13:17:20,3836.7
stock,DAX,2024-04-06T13:17:28,5498.29
currency,GBP/CAD,2024-04-06T13:17:34,1.0459
currency,CHF/EUR,2024-04-06T13:17:38,1.1941
currency,JPY/CHF,2024-04-06T13:17:47,1.1397
stock,DOWJONES,2024-04-06T13:17:56,5340.34
stock,S&P500,2024-04-06T13:18:01,9694.45
currency,JPY/USD,2024-04-06T13:18:06,1.1556
stock,NASDAQ,2024-04-06T13:18:13,3855.43
stock,DAX,2024-04-06T13:18:15,5483.81
stock,DAX,2024-04-06T13:18:25,5469.13
currency,CHF/EUR,2024-04-06T13:18:35,1.1914
currency,CHF/USD,2024-04-06T13:18:45,0.6475
currency,CHF/EUR,2024-04-06T13:18:54,1.199
stock,DAX,2024-04-06T13:19:00,5479.18
stock,FTSE100,2024-04-06T13:19:04,3642.66
currency,CHF/CAD,2024-04-06T13:19:14,1.4076
stock,S&P500,2024-04-06T13:19:15,9714.81
currency,CAD/JPY,2024-04-06T13:19:22,0.7613
stock,FTSE100,2024-04-06T13:19:29,3648.77
currency,GBP/CAD,2024-04-06T13:19:32,1.0558
stock,DOWJONES,2024-04-06T13:19:38,5348.71
stock,DAX,2024-04-06T13:19:45,5464.2
currency,EUR/USD,2024-04-06T13:19:50,1.4404
stock,NASDAQ,2024-04-06T13:19:52,3844.34
currency,CAD/GBP,2024-04-06T13:19:56,1.4386
currency,JPY/CHF,2024-04-06T13:20:00,1.1329
currency,GBP/EUR,2024-04-06T13:20:01,1.0666
currency,CHF/EUR,2024-04-06T13:20:10,1.203
currency,JPY/CAD,2024-04-06T13:20:20,1.2429
stock,DOWJONES,2024-04-06T13:20:23,5368.34
currency,JPY/CHF,2024-04-06T13:20:28,1.1384
stock,S&P500,2024-04-06T13:20:33,9690.0
stock,FTSE100,2024-04-06T13:20:35,3653.87
currency,JPY/GBP,2024-04-06T13:20:43,0.6569
currency,CAD/EUR,2024-04-06T13:20:49,0.8502
stock,DOWJONES,2024-04-06T13:20:59,5379.04
currency,CHF/CAD,2024-04-06T13:21:08,1.4137
stock,DOWJONES,2024-04-06T13:21:16,5388.52
currency,EUR/CHF,2024-04-06T13:21:18,0.5784
stock,S&P500,2024-04-06T13:21:28,9706.9
currency,USD/GBP,2024-04-06T13:21:29,0.9768
currency,EUR/JPY,2024-04-06T13:21:38,0.5566
currency,JPY/GBP,2024-04-06T13:21:43,0.655
currency,GBP/JPY,2024-04-06T13:21:53,0.8452
stock,DAX,2024-04-06T13:22:00,5445.95
currency,GBP/CHF,2024-04-06T13:22:05,0.5468
currency,EUR/CAD,2024-04-06T13:22:15,0.7693
stock,FTSE100,2024-04-06T13:22:16,3643.38
currency,CHF/CAD,2024-04-06T13:22:23,1.4185
currency,CAD/GBP,2024-04-06T13:22:32,1.448
currency,CAD/USD,2024-04-06T13:22:33,0.5737
currency,EUR/USD,2024-04-06T13:22:41,1.436
stock,NASDAQ,2024-04-06T13:22:48,3837.92
currency,CHF/USD,2024-04-06T13:22:53,0.6416
stock,NASDAQ,2024-04-06T13:22:55,3836.25
stock,DOWJONES,2024-04-06T13:22:57,5390.29
currency,USD/EUR,2024-04-06T13:23:02,0.7917
stock,FTSE100,2024-04-06T13:23:12,3656.94
currency,EUR/GBP,2024-04-06T13:23:14,0.5703
stock,DAX,2024-04-06T13:23:21,5465.28
currency,CAD/EUR,2024-04-06T13:23:24,0.8441
currency,USD/CHF,2024-04-06T13:23:26,0.7285
currency,USD/CHF,2024-04-06T13:23:33,0.7236
currency,EUR/CAD,2024-04-06T13:23:34,0.7623
stock,DAX,2024-04-06T13:23:41,5455.92
currency,CHF/JPY,2024-04-06T13:23:51,0.5966
currency,EUR/CAD,2024-04-06T13:23:55,0.7679
stock,S&P500,2024-04-06T13:24:05,9708.48
currency,CAD/CHF,2024-04-06T13:24:06,1.0519
currency,EUR/CHF,2024-04-06T13:24:08,0.5736
stock,S&P500,2024-04-06T13:24:16,9744.28
stock,DOWJONES,2024-04-06T13:24:23,5385.64
stock,S&P500,2024-04-06T13:24:25,9701.42
stock,FTSE100,2024-04-06T13:24:27,3648.32
stock,DAX,2024-04-06T13:24:31,5464.56
stock,DAX,2024-04-06T13:24:34,5467.7
stock,NASDAQ,2024-04-06T13:24:40,3829.3
currency,GBP/USD,2024-04-06T13:24:41,0.6378
stock,S&P500,2024-04-06T13:24:46,9741.56
stock,DAX,2024-04-06T13:24:52,5452.0
stock,DOWJONES,2024-04-06T13:25:01,5360.29
currency,GBP/CHF,2024-04-06T13:25:08,0.5508
currency,EUR/JPY,2024-04-06T13:25:15,0.5574
currency,CAD/EUR,2024-04-06T13:25:19,0.8458
currency,GBP/CHF,2024-04-06T13:25:28,0.5506
currency,CAD/USD,2024-04-06T13:25:32,0.5746
stock,S&P500,2024-04-06T13:25:42,9713.47
currency,JPY/CHF,2024-04-06T13:25:46,1.1382
stock,DOWJONES,2024-04-06T13:25:47,5383.52
stock,NASDAQ,2024-04-06T13:25:51,3830.05
stock,NASDAQ,2024-04-06T13:25:54,3836.95
stock,FTSE100,2024-04-06T13:25:59,3639.27
stock,NASDAQ,2024-04-06T13:26:01,3849.97
currency,CAD/USD,2024-04-06T13:26:05,0.5701
currency,JPY/GBP,2024-04-06T13:26:14,0.6557
currency,EUR/GBP,2024-04-06T13:26:23,0.572
currency,GBP/CAD,2024-04-06T13:26:27,1.0592
stock,DOWJONES,2024-04-06T13:26:29,5381.07
currency,USD/JPY,2024-04-06T13:26:30,1.4421
currency,GBP/CHF,2024-04-06T13:26:37,0.5461
stock,FTSE100,2024-04-06T13:26:41,3640.8
currency,EUR/GBP,2024-04-06T13:26:45,0.5668
stock,S&P500,2024-04-06T13:26:53,9752.96
stock,NASDAQ,2024-04-06T13:27:00,3864.5
currency,CHF/EUR,2024-04-06T13:27:05,1.2136
stock,DOWJONES,2024-04-06T13:27:09,5400.27
currency,CHF/JPY,2024-04-06T13:27:18,0.5925
stock,DAX,2024-04-06T13:27:23,5444.92
stock,DAX,2024-04-06T13:27:30,5456.2
currency,GBP/EUR,2024-04-06T13:27:35,1.0747
currency,CAD/JPY,2024-04-06T13:27:36,0.7646
stock,FTSE100,2024-04-06T13:27:44,3634.23
currency,CAD/USD,2024-04-06T13:27:52,0.5702
currency,GBP/EUR,2024-04-06T13:27:53,1.0719
currency,CAD/GBP,2024-04-06T13:27:55,1.4378
stock,NASDAQ,2024-04-06T13:28:04,3861.08
currency,CAD/JPY,2024-04-06T13:28:14,0.7573
currency,CHF/EUR,2024-04-06T13:28:17,1.2214
currency,CHF/GBP,2024-04-06T13:28:23,0.7652
currency,USD/GBP,2024-04-06T13:28:26,0.983
currency,USD/EUR,2024-04-06T13:28:34,0.7929
currency,CHF/USD,2024-04-06T13:28:38,0.6468
stock,DOWJONES,2024-04-06T13:28:44,5390.33
currency,JPY/CAD,2024-04-06T13:28:49,1.253
stock,DOWJONES,2024-04-06T13:28:53,5368.43
currency,JPY/CAD,2024-04-06T13:28:54,1.2466
currency,EUR/GBP,2024-04-06T13:28:55,0.5711
stock,FTSE100,2024-04-06T13:29:01,3639.31
stock,NASDAQ,2024-04-06T13:29:02,3878.74
stock,FTSE100,2024-04-06T13:29:05,3652.94
stock,S&P500,2024-04-06T13:29:08,9780.63
stock,DAX,2024-04-06T13:29:17,5437.69
currency,JPY/EUR,2024-04-06T13:29:18,1.0329
currency,EUR/CHF,2024-04-06T13:29:28,0.5689
currency,JPY/CHF,2024-04-06T13:29:32,1.1369
currency,CHF/GBP,2024-04-06T13:29:42,0.7704
stock,NASDAQ,2024-04-06T13:29:44,3879.4
stock,FTSE100,2024-04-06T13:29:46,3660.46
currency,GBP/USD,2024-04-06T13:29:47,0.6364
currency,EUR/USD,2024-04-06T13:29:55,1.4422
stock,FTSE100,2024-04-06T13:30:03,3673.83
stock,DOWJONES,2024-04-06T13:30:11,5393.77
stock,NASDAQ,2024-04-06T13:30:16,3877.1
stock,DAX,2024-04-06T13:30:17,5453.1
currency,GBP/CAD,2024-04-06T13:30:21,1.0545
currency,EUR/CHF,2024-04-06T13:30:31,0.568
currency,CHF/JPY,2024-04-06T13:30:34,0.5953
stock,S&P500,2024-04-06T13:30:37,9804.91
stock,NASDAQ,2024-04-06T13:30:44,3879.13
currency,JPY/GBP,2024-04-06T13:30:54,0.6527
currency,GBP/EUR,2024-04-06T13:31:04,1.0791
currency,CAD/EUR,2024-04-06T13:31:09,0.8396
currency,USD/CAD,2024-04-06T13:31:14,1.2758
stock,FTSE100,2024-04-06T13:31:23,3663.9
stock,DOWJONES,2024-04-06T13:31:24,5387.06
stock,DAX,2024-04-06T13:31:31,5453.61
currency,EUR/CAD,2024-04-06T13:31:38,0.767
currency,JPY/GBP,2024-04-06T13:31:48,0.6466
stock,DAX,2024-04-06T13:31:56,5431.95
currency,USD/JPY,2024-04-06T13:32:06,1.4425
currency,GBP/EUR,2024-04-06T13:32:16,1.0696
stock,NASDAQ,2024-04-06T13:32:24,3890.72
stock,NASDAQ,2024-04-06T13:32:32,3898.15
currency,CAD/EUR,2024-04-06T13:32:39,0.8457
stock,DAX,2024-04-06T13:32:47,5436.72
currency,GBP/EUR,2024-04-06T13:32:49,1.0653
currency,CHF/USD,2024-04-06T13:32:52,0.6414
stock,DOWJONES,2024-04-06T13:32:55,5395.22
stock,DAX,2024-04-06T13:32:57,5458.11
stock,NASDAQ,2024-04-06T13:33:03,3905.22
currency,GBP/CHF,2024-04-06T13:33:06,0.5412
currency,GBP/CAD,2024-04-06T13:33:13,1.052
stock,DOWJONES,2024-04-06T13:33:14,5381.56
currency,CHF/JPY,2024-04-06T13:33:15,0.6012
stock,DOWJONES,2024-04-06T13:33:23,5382.81
stock,DAX,2024-04-06T13:33:33,5439.28
stock,DAX,2024-04-06T13:33:36,5421.47
currency,EUR/JPY,2024-04-06T13:33:38,0.5598
currency,CAD/CHF,2024-04-06T13:33:43,1.0504
stock,NASDAQ,2024-04-06T13:33:53,3910.92
currency,CHF/EUR,2024-04-06T13:34:03,1.2245
currency,EUR/GBP,2024-04-06T13:34:13,0.5683
stock,DOWJONES,2024-04-06T13:34:16,5383.53
stock,FTSE100,2024-04-06T13:34:21,3666.26
currency,EUR/CHF,2024-04-06T13:34:28,0.5644
stock,DAX,2024-04-06T13:34:37,5413.1
currency,GBP/JPY,2024-04-06T13:34:38,0.8381
currency,CHF/USD,2024-04-06T13:34:45,0.645
currency,CHF/GBP,2024-04-06T13:34:49,0.7636
currency,CAD/GBP,2024-04-06T13:34:58,1.4293
stock,DOWJONES,2024-04-06T13:35:07,5361.67
currency,CHF/USD,2024-04-06T13:35:11,0.6389
stock,DOWJONES,2024-04-06T13:35:15,5384.51
stock,FTSE100,2024-04-06T13:35:18,3664.98
currency,USD/JPY,2024-04-06T13:35:23,1.4486
currency,EUR/CHF,2024-04-06T13:35:28,0.5648
currency,CAD/JPY,2024-04-06T13:35:29,0.7629
stock,DOWJONES,2024-04-06T13:35:32,5358.52
currency,EUR/CHF,2024-04-06T13:35:34,0.5609
stock,DOWJONES,2024-04-06T13:35:40,5373.07
currency,GBP/EUR,2024-04-06T13:35:43,1.0573
stock,NASDAQ,2024-04-06T13:35:49,3909.83
currency,JPY/CHF,2024-04-06T13:35:57,1.1459
currency,EUR/GBP,2024-04-06T13:36:07,0.5652
stock,NASDAQ,2024-04-06T13:36:08,3905.43
currency,JPY/CAD,2024-04-06T13:36:16,1.2422
currency,GBP/JPY,2024-04-06T13:36:17,0.8404
currency,GBP/USD,2024-04-06T13:36:26,0.6366
stock,FTSE100,2024-04-06T13:36:33,3651.74
stock,DAX,2024-04-06T13:36:35,5439.84
currency,EUR/GBP,2024-04-06T13:36:38,0.5615
stock,S&P500,2024-04-06T13:36:44,9833.59
stock,S&P500,2024-04-06T13:36:45,9838.24
currency,USD/CAD,2024-04-06T13:36:53,1.2684
stock,S&P500,2024-04-06T13:37:01,9815.77
currency,USD/CAD,2024-04-06T13:37:05,1.2691
currency,USD/CAD,2024-04-06T13:37:11,1.2591
stock,DAX,2024-04-06T13:37:17,5428.79
stock,NASDAQ,2024-04-06T13:37:19,3901.29
stock,S&P500,2024-04-06T13:37:23,9797.32
currency,USD/EUR,2024-04-06T13:37:29,0.7962
currency,GBP/EUR,2024-04-06T13:37:30,1.0485
currency,JPY/CHF,2024-04-06T13:37:34,1.1423
currency,CHF/GBP,2024-04-06T13:37:44,0.7628
currency,CHF/USD,2024-04-06T13:37:50,0.6445
stock,NASDAQ,2024-04-06T13:37:53,3910.14
currency,CHF/USD,2024-04-06T13:37:58,0.6487
stock,S&P500,2024-04-06T13:38:07,9832.69
currency,JPY/CHF,2024-04-06T13:38:14,1.1383
stock,S&P500,2024-04-06T13:38:19,9795.79
stock,S&P500,2024-04-06T13:38:20,9829.23
currency,JPY/USD,2024-04-06T13:38:26,1.1641
currency,JPY/CHF,2024-04-06T13:38:35,1.1298
currency,GBP/CAD,2024-04-06T13:38:39,1.0603
stock,S&P500,2024-04-06T13:38:40,9870.03
currency,USD/EUR,2024-04-06T13:38:46,0.7972
stock,DAX,2024-04-06T13:38:54,5442.89
currency,CAD/JPY,2024-04-06T13:38:56,0.7637
currency,GBP/JPY,2024-04-06T13:39:05,0.8409
stock,NASDAQ,2024-04-06T13:39:15,3929.55
currency,CAD/EUR,2024-04-06T13:39:21,0.8435
currency,GBP/EUR,2024-04-06T13:39:24,1.0571
stock,FTSE100,2024-04-06T13:39:33,3668.91
currency,USD/JPY,2024-04-06T13:39:35,1.4626
currency,GBP/CAD,2024-04-06T13:39:41,1.0557
stock,S&P500,2024-04-06T13:39:51,9821.75
currency,USD/JPY,2024-04-06T13:40:01,1.4542
currency,CAD/USD,2024-04-06T13:40:09,0.5731
stock,S&P500,2024-04-06T13:40:11,9847.22
currency,GBP/CHF,2024-04-06T13:40:16,0.5417
currency,JPY/CAD,2024-04-06T13:40:26,1.2491
stock,NASDAQ,2024-04-06T13:40:34,3948.55
stock,S&P500,2024-04-06T13:40:35,9894.42
stock,S&P500,2024-04-06T13:40:41,9869.26
stock,DOWJONES,2024-04-06T13:40:44,5373.95
stock,S&P500,2024-04-06T13:40:45,9830.98
stock,DOWJONES,2024-04-06T13:40:52,5377.67
currency,CAD/USD,2024-04-06T13:41:01,0.5766
currency,CHF/USD,2024-04-06T13:41:11,0.6483
currency,GBP/EUR,2024-04-06T13:41:18,1.0543
stock,FTSE100,2024-04-06T13:41:22,3665.35
currency,CHF/EUR,2024-04-06T13:41:29,1.2164
currency,GBP/CHF,2024-04-06T13:41:37,0.5431
stock,DOWJONES,2024-04-06T13:41:39,5381.88
stock,NASDAQ,2024-04-06T13:41:49,3962.75
currency,EUR/JPY,2024-04-06T13:41:53,0.5563
currency,CHF/JPY,2024-04-06T13:41:57,0.6066
currency,USD/CHF,2024-04-06T13:42:03,0.7228
stock,S&P500,2024-04-06T13:42:08,9841.81
stock,NASDAQ,2024-04-06T13:42:11,3975.21
stock,FTSE100,2024-04-06T13:42:17,3658.61
currency,EUR/GBP,2024-04-06T13:42:23,0.558
stock,DAX,2024-04-06T13:42:27,5438.01
stock,S&P500,2024-04-06T13:42:32,9883.74
currency,CAD/JPY,2024-04-06T13:42:41,0.7697
currency,CHF/CAD,2024-04-06T13:42:47,1.4057
currency,JPY/EUR,2024-04-06T13:42:57,1.0231
stock,FTSE100,2024-04-06T13:43:01,3663.9
stock,FTSE100,2024-04-06T13:43:03,3653.47
stock,S&P500,2024-04-06T13:43:05,9904.5
currency,GBP/EUR,2024-04-06T13:43:11,1.0616
currency,CAD/GBP,2024-04-06T13:43:16,1.4183
stock,S&P500,2024-04-06T13:43:19,9866.34
currency,USD/CHF,2024-04-06T13:43:28,0.7256
currency,CHF/USD,2024-04-06T13:43:30,0.6485
stock,DAX,2024-04-06T13:43:36,5453.74
currency,USD/GBP,2024-04-06T13:43:39,0.9734
stock,DOWJONES,2024-04-06T13:43:48,5374.51
stock,DOWJONES,2024-04-06T13:43:52,5366.12
currency,EUR/GBP,2024-04-06T13:43:58,0.5546
currency,CHF/CAD,2024-04-06T13:44:01,1.3964
stock,DOWJONES,2024-04-06T13:44:05,5340.14
currency,EUR/JPY,2024-04-06T13:44:15,0.5543
currency,CAD/EUR,2024-04-06T13:44:20,0.8416
currency,USD/EUR,2024-04-06T13:44:22,0.7972
stock,FTSE100,2024-04-06T13:44:24,3643.1
stock,S&P500,2024-04-06T13:44:32,9913.67
stock,FTSE100,2024-04-06T13:44:38,3626.21
currency,CHF/USD,2024-04-06T13:44:42,0.6426
stock,FTSE100,2024-04-06T13:44:46,3642.43
currency,CAD/EUR,2024-04-06T13:44:52,0.8365
stock,NASDAQ,2024-04-06T13:44:56,3967.87
stock,FTSE100,2024-04-06T13:45:04,3652.71
currency,GBP/JPY,2024-04-06T13:45:09,0.8335
stock,S&P500,2024-04-06T13:45:15,9950.87
currency,CAD/EUR,2024-04-06T13:45:19,0.8398
currency,JPY/GBP,2024-04-06T13:45:27,0.6528
stock,S&P500,2024-04-06T13:45:32,9919.19
stock,FTSE100,2024-04-06T13:45:39,3646.61
stock,S&P500,2024-04-06T13:45:49,9924.56
stock,DAX,2024-04-06T13:45:56,5442.96
stock,NASDAQ,2024-04-06T13:46:03,3949.46
currency,JPY/EUR,2024-04-06T13:46:09,1.0201
stock,NASDAQ,2024-04-06T13:46:13,3952.27
currency,GBP/JPY,2024-04-06T13:46:18,0.8304
stock,DOWJONES,2024-04-06T13:46:23,5364.97
stock,FTSE100,2024-04-06T13:46:31,3659.65
currency,JPY/CHF,2024-04-06T13:46:33,1.1363
currency,JPY/CAD,2024-04-06T13:46:43,1.2399
currency,GBP/EUR,2024-04-06T13:46:52,1.0532
currency,CHF/USD,2024-04-06T13:46:55,0.6412
stock,NASDAQ,2024-04-06T13:46:58,3936.45
currency,EUR/CHF,2024-04-06T13:46:59,0.5611
currency,USD/CAD,2024-04-06T13:47:00,1.2581
currency,CHF/JPY,2024-04-06T13:47:05,0.6081
currency,EUR/CAD,2024-04-06T13:47:10,0.7713
currency,CHF/CAD,2024-04-06T13:47:15,1.3883
currency,USD/EUR,2024-04-06T13:47:25,0.7994
currency,USD/JPY,2024-04-06T13:47:34,1.4514
stock,FTSE100,2024-04-06T13:47:35,3653.06
stock,FTSE100,2024-04-06T13:47:40,3655.65
currency,GBP/USD,2024-04-06T13:47:49,0.6315
currency,GBP/CAD,2024-04-06T13:47:58,1.0604
currency,USD/CHF,2024-04-06T13:48:03,0.7274
stock,FTSE100,2024-04-06T13:48:08,3642.14
stock,S&P500,2024-04-06T13:48:14,9896.25
currency,GBP/USD,2024-04-06T13:48:21,0.6278
stock,NASDAQ,2024-04-06T13:48:27,3926.23
stock,DOWJONES,2024-04-06T13:48:34,5374.22
stock,DOWJONES,2024-04-06T13:48:42,5391.28
currency,CHF/USD,2024-04-06T13:48:46,0.6382
currency,EUR/CAD,2024-04-06T13:48:52,0.7782
stock,S&P500,2024-04-06T13:49:01,9857.43
stock,S&P500,2024-04-06T13:49:07,9809.84
currency,EUR/CAD,2024-04-06T13:49:12,0.7789
stock,S&P500,2024-04-06T13:49:14,9844.57
stock,S&P500,2024-04-06T13:49:17,9806.96
currency,CHF/GBP,2024-04-06T13:49:26,0.7691
stock,DAX,2024-04-06T13:49:31,5439.04
currency,USD/GBP,2024-04-06T13:49:36,0.9757
currency,GBP/EUR,2024-04-06T13:49:43,1.0479
currency,GBP/CAD,2024-04-06T13:49:44,1.0506
currency,CAD/JPY,2024-04-06T13:49:53,0.7654
stock,DAX,2024-04-06T13:50:01,5452.85
currency,JPY/GBP,2024-04-06T13:50:02,0.6559
currency,USD/JPY,2024-04-06T13:50:07,1.4377
currency,CAD/GBP,2024-04-06T13:50:13,1.4254
stock,NASDAQ,2024-04-06T13:50:18,3916.73
stock,DOWJONES,2024-04-06T13:50:26,5376.63
stock,S&P500,2024-04-06T13:50:28,9852.51
stock,FTSE100,2024-04-06T13:50:29,3643.97
stock,NASDAQ,2024-04-06T13:50:34,3911.92
currency,USD/CHF,2024-04-06T13:50:44,0.7325
stock,DAX,2024-04-06T13:50:50,5458.73
currency,GBP/JPY,2024-04-06T13:50:51,0.8285
currency,GBP/USD,2024-04-06T13:50:55,0.6265
currency,USD/CAD,2024-04-06T13:50:56,1.2691
currency,CHF/EUR,2024-04-06T13:51:05,1.222
currency,GBP/EUR,2024-04-06T13:51:09,1.0517
currency,CAD/JPY,2024-04-06T13:51:13,0.7656
stock,DOWJONES,2024-04-06T13:51:17,5400.23
stock,DAX,2024-04-06T13:51:23,5461.41
stock,NASDAQ,2024-04-06T13:51:26,3897.13
stock,S&P500,2024-04-06T13:51:29,9897.63
stock,NASDAQ,2024-04-06T13:51:39,3908.58
currency,GBP/CAD,2024-04-06T13:51:42,1.0558
stock,S&P500,2024-04-06T13:51:46,9864.39
currency,CAD/EUR,2024-04-06T13:51:53,0.8415
stock,DAX,2024-04-06T13:51:57,5442.76
currency,JPY/USD,2024-04-06T13:52:02,1.155
currency,CAD/USD,2024-04-06T13:52:06,0.5709
stock,DAX,2024-04-06T13:52:10,5441.31
currency,JPY/GBP,2024-04-06T13:52:13,0.6603
stock,FTSE100,2024-04-06T13:52:20,3657.29
currency,JPY/GBP,2024-04-06T13:52:21,0.6578
stock,S&P500,2024-04-06T13:52:31,9884.47
stock,S&P500,2024-04-06T13:52:35,9843.04
stock,DOWJONES,2024-04-06T13:52:43,5419.68
currency,CHF/USD,2024-04-06T13:52:45,0.6395
stock,DAX,2024-04-06T13:52:49,5468.04
currency,CAD/CHF,2024-04-06T13:52:55,1.058
stock,NASDAQ,2024-04-06T13:52:59,3920.48
currency,CHF/GBP,2024-04-06T13:53:06,0.766
currency,EUR/GBP,2024-04-06T13:53:16,0.5599
stock,NASDAQ,2024-04-06T13:53:25,3935.67
stock,FTSE100,2024-04-06T13:53:31,3666.87
stock,NASDAQ,2024-04-06T13:53:38,3952.67
stock,S&P500,2024-04-06T13:53:43,9812.86
currency,JPY/USD,2024-04-06T13:53:45,1.1651
stock,S&P500,2024-04-06T13:53:52,9828.76
stock,S&P500,2024-04-06T13:53:54,9856.37
stock,DOWJONES,2024-04-06T13:54:01,5406.37
stock,DAX,2024-04-06T13:54:06,5459.16
currency,JPY/CAD,2024-04-06T13:54:07,1.2351
stock,NASDAQ,2024-04-06T13:54:13,3961.47
currency,GBP/EUR,2024-04-06T13:54:15,1.0425
stock,DAX,2024-04-06T13:54:18,5462.38
currency,JPY/CAD,2024-04-06T13:54:24,1.2369
stock,DAX,2024-04-06T13:54:33,5488.7
stock,FTSE100,2024-04-06T13:54:37,3658.47
currency,USD/CAD,2024-04-06T13:54:43,1.2742
currency,USD/GBP,2024-04-06T13:54:45,0.9727
currency,CAD/USD,2024-04-06T13:54:51,0.5756
currency,USD/CAD,2024-04-06T13:54:59,1.2845
currency,GBP/CHF,2024-04-06T13:55:02,0.5485
currency,CHF/CAD,2024-04-06T13:55:11,1.392
currency,CHF/CAD,2024-04-06T13:55:14,1.3998
stock,DOWJONES,2024-04-06T13:55:24,5425.25
currency,CAD/USD,2024-04-06T13:55:33,0.5728
currency,CHF/EUR,2024-04-06T13:55:37,1.2233
stock,DAX,2024-04-06T13:55:41,5510.86
stock,S&P500,2024-04-06T13:55:48,9869.62
stock,S&P500,2024-04-06T13:55:57,9834.0
currency,EUR/CAD,2024-04-06T13:56:07,0.7828
currency,JPY/USD,2024-04-06T13:56:09,1.1536
currency,EUR/JPY,2024-04-06T13:56:19,0.5522
stock,S&P500,2024-04-06T13:56:22,9841.21
stock,DOWJONES,2024-04-06T13:56:27,5415.84
currency,JPY/CHF,2024-04-06T13:56:32,1.1255
currency,CHF/EUR,2024-04-06T13:56:34,1.213
stock,NASDAQ,2024-04-06T13:56:42,3951.1
stock,FTSE100,2024-04-06T13:56:46,3673.5
currency,CAD/EUR,2024-04-06T13:56:49,0.8427
stock,NASDAQ,2024-04-06T13:56:55,3951.6
stock,S&P500,2024-04-06T13:56:57,9843.07
stock,S&P500,2024-04-06T13:57:01,9822.28
stock,DOWJONES,2024-04-06T13:57:07,5417.69
stock,S&P500,2024-04-06T13:57:17,9840.73
currency,GBP/EUR,2024-04-06T13:57:20,1.0479
currency,JPY/EUR,2024-04-06T13:57:28,1.0193
currency,JPY/EUR,2024-04-06T13:57:35,1.0146
stock,S&P500,2024-04-06T13:57:42,9885.61
stock,DAX,2024-04-06T13:57:50,5503.67
currency,JPY/USD,2024-04-06T13:57:51,1.1491
stock,FTSE100,2024-04-06T13:57:59,3670.77
stock,DAX,2024-04-06T13:58:04,5504.2
currency,GBP/CHF,2024-04-06T13:58:09,0.5518
stock,NASDAQ,2024-04-06T13:58:19,3966.26
currency,CHF/GBP,2024-04-06T13:58:26,0.7667
stock,FTSE100,2024-04-06T13:58:33,3656.38
currency,EUR/GBP,2024-04-06T13:58:35,0.5622
stock,S&P500,2024-04-06T13:58:44,9880.53
currency,USD/EUR,2024-04-06T13:58:47,0.7976
currency,CHF/USD,2024-04-06T13:58:55,0.6346
stock,FTSE100,2024-04-06T13:58:57,3648.47
stock,DOWJONES,2024-04-06T13:59:04,5407.06
currency,USD/CHF,2024-04-06T13:59:10,0.7294
currency,USD/JPY,2024-04-06T13:59:18,1.424
currency,EUR/GBP,2024-04-06T13:59:19,0.5577
stock,DOWJONES,2024-04-06T13:59:23,5402.72
currency,CHF/EUR,2024-04-06T13:59:33,1.2133
currency,USD/GBP,2024-04-06T13:59:40,0.9801
stock,DOWJONES,2024-04-06T13:59:50,5394.44
stock,NASDAQ,2024-04-06T13:59:58,3979.86
stock,S&P500,2024-04-06T13:59:59,9886.77
stock,NASDAQ,2024-04-06T14:00:02,3992.86
currency,JPY/USD,2024-04-06T14:00:06,1.1464
stock,FTSE100,2024-04-06T14:00:09,3655.19
stock,NASDAQ,2024-04-06T14:00:13,4009.43
currency,GBP/CAD,2024-04-06T14:00:14,1.0518
stock,S&P500,2024-04-06T14:00:23,9883.01
currency,EUR/CAD,2024-04-06T14:00:33,0.7831
currency,CHF/JPY,2024-04-06T14:00:37,0.603
stock,NASDAQ,2024-04-06T14:00:43,4021.51
currency,USD/EUR,2024-04-06T14:00:48,0.8008
stock,S&P500,2024-04-06T14:00:55,9839.98
currency,CAD/GBP,2024-04-06T14:01:04,1.4349
stock,S&P500,2024-04-06T14:01:10,9856.38
currency,CHF/EUR,2024-04-06T14:01:17,1.2083
stock,DOWJONES,2024-04-06T14:01:22,5392.92
currency,JPY/USD,2024-04-06T14:01:23,1.144
stock,DAX,2024-04-06T14:01:27,5508.96
currency,CHF/JPY,2024-04-06T14:01:36,0.609
currency,USD/JPY,2024-04-06T14:01:40,1.4121
stock,NASDAQ,2024-04-06T14:01:48,4032.07
stock,NASDAQ,2024-04-06T14:01:56,4018.15
stock,FTSE100,2024-04-06T14:02:02,3637.84
currency,EUR/CHF,2024-04-06T14:02:09,0.5562
currency,CHF/EUR,2024-04-06T14:02:15,1.2134
currency,EUR/CAD,2024-04-06T14:02:17,0.7848
currency,USD/CHF,2024-04-06T14:02:20,0.7241
currency,JPY/GBP,2024-04-06T14:02:24,0.6552
stock,DOWJONES,2024-04-06T14:02:30,5368.68
stock,DAX,2024-04-06T14:02:37,5500.77
currency,JPY/USD,2024-04-06T14:02:41,1.1509
stock,DOWJONES,2024-04-06T14:02:49,5374.23
currency,CHF/EUR,2024-04-06T14:02:55,1.2235
currency,CHF/USD,2024-04-06T14:03:03,0.6395
currency,EUR/USD,2024-04-06T14:03:04,1.4407
currency,GBP/CHF,2024-04-06T14:03:08,0.5532
currency,EUR/GBP,2024-04-06T14:03:11,0.5565
currency,GBP/USD,2024-04-06T14:03:19,0.6288
stock,FTSE100,2024-04-06T14:03:27,3641.65
currency,CHF/CAD,2024-04-06T14:03:37,1.4133
stock,DOWJONES,2024-04-06T14:03:41,5351.27
currency,JPY/EUR,2024-04-06T14:03:51,1.0135
stock,DOWJONES,2024-04-06T14:03:56,5357.59
currency,GBP/EUR,2024-04-06T14:04:03,1.0511
currency,CAD/JPY,2024-04-06T14:04:04,0.7685
currency,USD/GBP,2024-04-06T14:04:06,0.9862
stock,NASDAQ,2024-04-06T14:04:07,4035.15
stock,NASDAQ,2024-04-06T14:04:10,4015.17
stock,DAX,2024-04-06T14:04:18,5479.26
currency,CHF/JPY,2024-04-06T14:04:26,0.6117
currency,JPY/USD,2024-04-06T14:04:27,1.1423
currency,USD/CHF,2024-04-06T14:04:32,0.7274
currency,USD/CAD,2024-04-06T14:04:33,1.2881
stock,S&P500,2024-04-06T14:04:42,9878.83
stock,NASDAQ,2024-04-06T14:04:44,4020.25
currency,USD/JPY,2024-04-06T14:04:51,1.4215
currency,EUR/CHF,2024-04-06T14:04:52,0.5616
stock,DOWJONES,2024-04-06T14:04:58,5380.86
stock,DAX,2024-04-06T14:04:59,5498.91
stock,FTSE100,2024-04-06T14:05:01,3645.46
currency,GBP/USD,2024-04-06T14:05:09,0.6347
currency,GBP/CHF,2024-04-06T14:05:19,0.5535
currency,CAD/JPY,2024-04-06T14:05:29,0.7744
currency,GBP/EUR,2024-04-06T14:05:36,1.0503
currency,JPY/CHF,2024-04-06T14:05:43,1.1315
stock,FTSE100,2024-04-06T14:05:47,3662.44
currency,CHF/GBP,2024-04-06T14:05:53,0.7661
stock,DAX,2024-04-06T14:05:58,5515.68
stock,DOWJONES,2024-04-06T14:06:06,5403.41
stock,NASDAQ,2024-04-06T14:06:09,4017.27
stock,FTSE100,2024-04-06T14:06:15,3667.31
stock,DOWJONES,2024-04-06T14:06:19,5400.94
currency,GBP/USD,2024-04-06T14:06:29,0.6322
currency,GBP/USD,2024-04-06T14:06:35,0.6381
currency,GBP/EUR,2024-04-06T14:06:37,1.0515
stock,S&P500,2024-04-06T14:06:39,9866.56
currency,CAD/GBP,2024-04-06T14:06:40,1.4462
currency,USD/JPY,2024-04-06T14:06:44,1.4312
currency,CHF/GBP,2024-04-06T14:06:52,0.7721
stock,FTSE100,2024-04-06T14:07:01,3653.34
currency,CHF/CAD,2024-04-06T14:07:02,1.4206
stock,NASDAQ,2024-04-06T14:07:04,4010.56
stock,DAX,2024-04-06T14:07:08,5539.69
stock,S&P500,2024-04-06T14:07:13,9911.11
stock,DOWJONES,2024-04-06T14:07:14,5419.19
stock,NASDAQ,2024-04-06T14:07:16,3995.09
currency,GBP/EUR,2024-04-06T14:07:25,1.0564
currency,JPY/CHF,2024-04-06T14:07:34,1.1322
currency,EUR/JPY,2024-04-06T14:07:44,0.5549
stock,FTSE100,2024-04-06T14:07:50,3641.54
currency,EUR/USD,2024-04-06T14:07:59,1.4499
stock,DAX,2024-04-06T14:08:02,5526.9
stock,FTSE100,2024-04-06T14:08:08,3630.8
currency,CAD/JPY,2024-04-06T14:08:17,0.7764
currency,CAD/GBP,2024-04-06T14:08:18,1.4549
currency,CHF/CAD,2024-04-06T14:08:20,1.4089
stock,FTSE100,2024-04-06T14:08:22,3637.18
stock,DOWJONES,2024-04-06T14:08:32,5410.07
stock,FTSE100,2024-04-06T14:08:40,3655.26
currency,USD/CHF,2024-04-06T14:08:45,0.7287
currency,CAD/JPY,2024-04-06T14:08:55,0.7688
stock,DAX,2024-04-06T14:08:58,5521.7
currency,JPY/CAD,2024-04-06T14:09:06,1.2409
stock,FTSE100,2024-04-06T14:09:16,3640.54
currency,USD/JPY,2024-04-06T14:09:17,1.4437
stock,S&P500,2024-04-06T14:09:20,9904.04
currency,USD/CHF,2024-04-06T14:09:27,0.73
stock,FTSE100,2024-04-06T14:09:36,3624.91
currency,JPY/CAD,2024-04-06T14:09:45,1.2504
stock,DOWJONES,2024-04-06T14:09:51,5398.28
stock,DAX,2024-04-06T14:09:54,5528.95
currency,GBP/CAD,2024-04-06T14:10:00,1.0522
stock,FTSE100,2024-04-06T14:10:07,3628.79
stock,DAX,2024-04-06T14:10:10,5543.55
stock,DAX,2024-04-06T14:10:20,5525.08
stock,FTSE100,2024-04-06T14:10:22,3630.19
stock,S&P500,2024-04-06T14:10:26,9941.57
currency,CAD/EUR,2024-04-06T14:10:30,0.8412
stock,FTSE100,2024-04-06T14:10:39,3623.45
currency,EUR/GBP,2024-04-06T14:10:40,0.5612
stock,DAX,2024-04-06T14:10:44,5502.41
stock,FTSE100,2024-04-06T14:10:54,3607.2
stock,DAX,2024-04-06T14:10:58,5490.54
currency,GBP/EUR,2024-04-06T14:11:00,1.06
stock,DAX,2024-04-06T14:11:01,5469.41
currency,EUR/CHF,2024-04-06T14:11:11,0.5616
stock,NASDAQ,2024-04-06T14:11:17,3989.6
stock,DAX,2024-04-06T14:11:25,5480.64
stock,FTSE100,2024-04-06T14:11:29,3606.91
currency,USD/JPY,2024-04-06T14:11:33,1.4548
stock,DOWJONES,2024-04-06T14:11:36,5418.26
currency,USD/CAD,2024-04-06T14:11:40,1.2949
currency,EUR/GBP,2024-04-06T14:11:45,0.5653
currency,CAD/CHF,2024-04-06T14:11:51,1.0508
stock,S&P500,2024-04-06T14:11:56,9989.5
currency,CHF/USD,2024-04-06T14:12:00,0.6459
stock,DAX,2024-04-06T14:12:09,5463.96
currency,EUR/JPY,2024-04-06T14:12:18,0.5594
stock,DAX,2024-04-06T14:12:26,5483.9
stock,DOWJONES,2024-04-06T14:12:28,5438.61
currency,USD/CAD,2024-04-06T14:12:30,1.2958
currency,GBP/JPY,2024-04-06T14:12:34,0.8261
stock,FTSE100,2024-04-06T14:12:38,3611.91
currency,CAD/CHF,2024-04-06T14:12:42,1.0502
stock,S&P500,2024-04-06T14:12:44,10037.27
stock,NASDAQ,2024-04-06T14:12:52,3979.52
currency,JPY/EUR,2024-04-06T14:12:59,1.0103
currency,USD/JPY,2024-04-06T14:13:02,1.4654
currency,EUR/CHF,2024-04-06T14:13:09,0.56
stock,NASDAQ,2024-04-06T14:13:15,3971.07
stock,FTSE100,2024-04-06T14:13:18,3622.17
stock,S&P500,2024-04-06T14:13:27,10074.85
stock,DOWJONES,2024-04-06T14:13:37,5420.13
stock,DAX,2024-04-06T14:13:38,5458.17
currency,EUR/JPY,2024-04-06T14:13:41,0.5583
stock,DAX,2024-04-06T14:13:44,5441.07
stock,DAX,2024-04-06T14:13:54,5448.4
stock,NASDAQ,2024-04-06T14:14:03,3970.78
stock,DOWJONES,2024-04-06T14:14:08,5428.57
currency,EUR/CAD,2024-04-06T14:14:14,0.7883
stock,FTSE100,2024-04-06T14:14:23,3607.13
stock,NASDAQ,2024-04-06T14:14:33,3970.92
currency,USD/CHF,2024-04-06T14:14:36,0.7323
stock,DOWJONES,2024-04-06T14:14:39,5432.73
stock,DOWJONES,2024-04-06T14:14:42,5424.65
stock,FTSE100,2024-04-06T14:14:47,3624.61
currency,CAD/EUR,2024-04-06T14:14:57,0.8424
stock,FTSE100,2024-04-06T14:15:05,3634.64
stock,FTSE100,2024-04-06T14:15:09,3620.92
stock,DAX,2024-04-06T14:15:14,5447.04
stock,DAX,2024-04-06T14:15:21,5467.53
currency,JPY/GBP,2024-04-06T14:15:24,0.659
stock,DOWJONES,2024-04-06T14:15:28,5423.65
currency,GBP/CHF,2024-04-06T14:15:29,0.5547
stock,S&P500,2024-04-06T14:15:39,10092.27
stock,DAX,2024-04-06T14:15:45,5485.2
stock,FTSE100,2024-04-06T14:15:54,3607.63
currency,CAD/JPY,2024-04-06T14:15:56,0.7734
stock,DAX,2024-04-06T14:16:03,5510.66
currency,JPY/EUR,2024-04-06T14:16:06,1.0088
stock,DAX,2024-04-06T14:16:15,5513.2
stock,FTSE100,2024-04-06T14:16:19,3605.44
currency,USD/CHF,2024-04-06T14:16:22,0.7329
currency,CHF/GBP,2024-04-06T14:16:31,0.7787
stock,DAX,2024-04-06T14:16:39,5523.49
stock,S&P500,2024-04-06T14:16:46,10079.26
stock,FTSE100,2024-04-06T14:16:52,3612.58
currency,CAD/CHF,2024-04-06T14:16:53,1.053
stock,NASDAQ,2024-04-06T14:16:59,3975.24
currency,EUR/USD,2024-04-06T14:17:02,1.4492
currency,EUR/JPY,2024-04-06T14:17:09,0.5559
currency,EUR/CHF,2024-04-06T14:17:10,0.5609
currency,JPY/USD,2024-04-06T14:17:11,1.1378
stock,S&P500,2024-04-06T14:17:20,10076.66
currency,USD/JPY,2024-04-06T14:17:24,1.4754
